Sample ID	Age (ka)	age (yrs)	Uncert (ka)	SiO2		Method	Map Unit	Location	Lat	Lon	Ref					1: SERNAGEOMIN Calbuco map +supplemental text	
	0.008	8				14C	NHT	ANTILLANCA			4					2: SERNAGEOMIN Villarrica map + supplemental text	
	0.01	10				14C	Ap1	APAGADO			4					3: RHV personal communication	
	0.011	11				Hist	1961	CALBUCO			4					4: Watt et al 2013 Table 2 (EM converted to ka)	
	0.028	28				14C	Hlr	CALBUCO	-41.432827	-72.592416	1					5: Singer et al 2008 Table 1	
	0.035	35		52.23		Hist	1929	CALBUCO			4					7: SERNAGEOMIN Mocho Choshuenco map	
	0.048	48				Hist	1893	CALBUCO			4						"Osorno si content: from map legend, assigned max value if a range given for a single unit"
	0.048	48		52.19		14C	Hlr	CALBUCO	-41.432827	-72.592416	1			8. Rawson et al 2015 			
	0.058	58				14C	Hlr	CALBUCO	-41.274968	-72.542598	1						
	0.059	59				14C	Hlr	CALBUCO	-41.274968	-72.542598	1						
	0.064	64				14C	Hlp3	CALBUCO	-41.432917	-72.573622	1						
	0.064	64				14C	Ca13	CALBUCO			4						
	0.071	71				14C	Ca12	CALBUCO			4						
	0.074	74				14C	Hdp3	CALBUCO	-41.279027	-72.532556	1						
	0.087	87				14C	Hlp3	CALBUCO	-41.26871375	-72.69682297	1						
XGO119B	0.09	90	0.05			14C	Hlp3	CALBUCO	-41.276492	-72.644839	1						
	0.09	90				14C	Hap3	CALBUCO	-41.314588	-72.6947	1						
	0.098	98				14C	Hap3	CALBUCO	-41.374938	-72.775764	1						
	0.1	100	0.04	52		14C	Hap3	CALBUCO	-41.31914	-72.682341	1						
	0.112	112				14C	Ca11	CALBUCO			4						
	0.126	126				14C	Hap3	CALBUCO	-41.361828	-72.748075	1						
	0.129	129				14C	Ca7	CALBUCO			4						
XGO119C	0.13	130	0.06			14C	Hap3	CALBUCO	-41.323067	-72.696364	1						
201297-2B	0.15	150	0.05			14C	Hap3	CALBUCO			1						
	0.155	155				14C	Ca1	CALBUCO			4						
	0.157	157				14C	Pldp2	CALBUCO	-41.342202	-72.700301	1						
	0.185	185				Ar	Hc3	CALBUCO	-41.32442391	-72.6611772	1						
VMA-19B	0.22	220	0.04			Ar	Plc2	CALBUCO	-41.34984117	-72.59609431	1						
201297-1	0.23	230	0.06			Ar	Hc3	CALBUCO	-41.34984117	-72.59609431	1						
	0.24	240	0.05	56		Ar	Plc2	CALBUCO	-41.30235131	-72.56622501	1						
	0.263	263	0.015	55.5		Ar	Plc2	CALBUCO	-41.33494503	-72.62344566	1						
	0.321	321				Ar	Plc2	CALBUCO	-41.27798333	-72.64520225	1						
	0.337	337	0.122	59.27		Ar	Plc2	CALBUCO	-41.34835739	-72.5979298	1						
	0.35	350	0.04	52		Ar	Plc2	CALBUCO	-41.35226488	-72.59484567	1						
	0.379	379				Ar	Plc2	CALBUCO	-41.35226488	-72.59484567	1						
	0.385	385	0.011	60.19		Hist	1917	CALBUCO			4						
	0.41	410	0.085	59.78		Ar	Plc1	CALBUCO	-41.31564963	-72.66819291	1						
VMA-3E	0.53	530	0.05			Ar	Plc2	CALBUCO	-41.31907917	-72.57828995	1						
	0.588	588				Ar	Plc1	CALBUCO	-41.27527488	-72.6343517	1						
	0.637	637				Ar	Plc1	CALBUCO	-41.33006977	-72.68023685	1						
	0.69	690				Ar	Plc1	CALBUCO	-41.31624091	-72.67248447	1						
	0.807	807				Hist	1955	CARRAN-LOS VENADOS			4						
	1.02	1020				Hist	1907	CARRAN-LOS VENADOS			4						
	1.035	1035	0.193	65.02		Hist	2008	CHAITEN			4						
MCL-7	1.08	1080				14C	CHA1	CHAITEN			4						
	1.133	1133				14C	CM4	CORCOVADO			4						
	1.141	1141				14C	COR3	CORCOVADO			4						
	1.183	1183				14C	COR2	CORCOVADO			4						
	1.194	1194	0.133	65.31		14C	Ho1	HORNOPIREN			4						
	1.25	1250	0.04	56		Hist	1991	HUDSON			4						
	1.265	1265	0.11	63.43		Hist	T9/1971	HUDSON			4						
XG0118	1.31	1310	0.06			14C	T8	HUDSON			4						
	1.376	1376				14C	T7	HUDSON			4						
	1.396	1396	0.093	60.94		14C	HW7	HUDSON			4						
	1.415	1415				14C	T6	HUDSON			4						
	1.476	1476				14C	HW6	HUDSON			4						
	1.482	1482	0.142	60.28		14C	H2/T5	HUDSON			4						
	1.532	1532				14C	T4	HUDSON			4						
	1.562	1562				14C	T3	HUDSON			4						
	1.585	1585				14C	H1/T2	HUDSON			4						
	1.617	1617				14C	T1	HUDSON			4						
260992-2C	1.62	1620	0.08			14C	HW3	HUDSON			4						
	1.707	1707				14C	HW2	HUDSON			4						
MCL-6	1.84	1840				14C	HW1	HUDSON			4						
	1.927	1927				Hist	1890	HUEQUI			4						
	1.955	1955				14C	LaVig	LA VIGUERIA			4						
	2.057	2057				14C	La-G	LANIN			4						
	2.065	2065	0.259	65.46		14C	La-	LANIN			4						
201297-3A	2.07	2070	0.06			14C	La-E	LANIN			4						
	2.123	2123				14C	La-D	LANIN			4						
	2.234	2234				14C	La-C	LANIN			4						
	2.244	2244				14C	La-B	LANIN			4						
	2.262	2262				14C	La-A	LANIN			4						
	2.269	2269				Hist	2009	LLAIMA			4						
	2.27	2270	0.112	64.34		Hist	1955	LLAIMA			4						
	2.594	2594				Hist	1945	LLAIMA			4						
260992-2A	2.62	2620	0.21			Hist	1932	LLAIMA			4						
	2.627	2627				Hist	1864	LLAIMA			4						
	2.691	2691				Hist	1862	LLAIMA			4						
	2.698	2698				Hist	1640	LLAIMA			4						
	2.898	2898	0.596	60.11		14C	Ll-s2	LLAIMA			4						
	2.9	2900				14C	Ll-s1	LLAIMA			4						
	3.029	3029				14C	Ll-pl	LLAIMA			4						
SCA-076	3.03	3030	0.04			14C	Ll-spl3	LLAIMA			4						
260992-2B	3.03	3030	0.08			14C	Ll-spl2	LLAIMA			4						
DCC-14	3.51	3510	0.06			14C	Ll-spl1	LLAIMA			4						
271191-1	3.58	3580	0.07			14C	Curacaut¨ªn 2	LLAIMA			4						
CAJ-17f	3.64	3640	0.05	56.01		14C	Curacaut¨ªn 1	LLAIMA			4						
DCC-13	3.65	3650	0.03			14C	MAC1	MACA			4						
DCC-12	3.67	3670	0.06			14C	MEL2	MELIMOYU			4						
MCL-5	3.71	3710	0.05			14C	MEL1	MELIMOYU			4						
240492-2	3.74	3740	0.07			14C	MEN1	MENTOLAT			4						
021191-1	3.77	3770	0.08			14C	MIC2/Cha2	MINCHINMAVIDA			4						
	3.92	3920				14C	MIC1	MINCHINMAVIDA			4						
021191-2	3.95	3950	0.07			14C	MC25	MOCHO-CHOSHUENCO			8						
	4.032	4032				14C	MC23	MOCHO-CHOSHUENCO			8						
	4.042	4042				14C	MC24	MOCHO-CHOSHUENCO			8						
230492-1	4.06	4060	0.08			14C	MC22	MOCHO-CHOSHUENCO			8						
260992-5	4.19	4190	0.14			14C	MC20	MOCHO-CHOSHUENCO			8						
	4.24	4240	0.04	52		14C	MC19	MOCHO-CHOSHUENCO			8						
	4.277	4277				14C	MC18B	MOCHO-CHOSHUENCO			8						
	4.539	4539				14C	MC15C	MOCHO-CHOSHUENCO			8						
	4.674	4674				14C	MC14	MOCHO-CHOSHUENCO			8						
	4.786	4786				14C	MC13	MOCHO-CHOSHUENCO			8						
PU-02-36	5.2	5200	2.4	70.4		14C	MC12	MOCHO-CHOSHUENCO			8						
	5.231	5231				14C	MC11	MOCHO-CHOSHUENCO			8						
	5.52	5520	0.04	52		14C	Mo-A	MOCHO-CHOSHUENCO			4						
260492-2	5.68	5680	0.14			14C	MC10	MOCHO-CHOSHUENCO			8						
	5.813	5813				14C	MC9B	MOCHO-CHOSHUENCO			8						
	6.2	6200	3	68		14C	MC9A	MOCHO-CHOSHUENCO			8						
050399-1B	6.25	6250	0.13			14C	MC8	MOCHO-CHOSHUENCO			8						
PU-03-21	6.4	6400	0.9	70.8		14C	MC7	MOCHO-CHOSHUENCO			8						
	6.477	6477				14C	MC6	MOCHO-CHOSHUENCO			8						
CAJ-9	6.55	6550	0.04			14C	MC5	MOCHO-CHOSHUENCO			8						
	6.71	6710				14C	Neltume	MOCHO-CHOSHUENCO			4						
PU-05-25	6.9	6900	1.6	70.2		14C	MC4C	MOCHO-CHOSHUENCO			8						
CAJ-12A	6.91	6910	0.08	55.23		14C	MC3	MOCHO-CHOSHUENCO			8						
	7.141	7141				14C	MC2	MOCHO-CHOSHUENCO			8						
	7.289	7289	0.712	55.8		14C	MC1	MOCHO-CHOSHUENCO			8						
	7.29	7290				Ar	Hacp	MOCHO-CHOSHUENCO			7						
	7.363	7363				Ar	Plc2	MOCHO-CHOSHUENCO			7						
	7.547	7547				Ar	Plc2	MOCHO-CHOSHUENCO			7						
	7.587	7587				Ar	Plm3	MOCHO-CHOSHUENCO			7						
	7.63	7630				Ar	Plm1	MOCHO-CHOSHUENCO			7						
	7.824	7824				Ar	Plm2	MOCHO-CHOSHUENCO			7						
	7.834	7834				Ar	Plm2	MOCHO-CHOSHUENCO			7						
SCA-070	7.97	7970	0.04			Ar	Plm2	MOCHO-CHOSHUENCO			7						
	8.202	8202	0.22	60.93		Ar	Plc1	MOCHO-CHOSHUENCO			7						
	8.202	8202	0.22	66.69		Ar	Plc1	MOCHO-CHOSHUENCO			7						
	8.289	8289				Ar	Plm1	MOCHO-CHOSHUENCO			7						
	8.301	8301				Ar	Plm1	MOCHO-CHOSHUENCO			7						
DCC-11	8.38	8380	0.08			Ar	Plm1	MOCHO-CHOSHUENCO			7						
	8.55	8550				Ar	Plm1	MOCHO-CHOSHUENCO			7						
MCL-4	8.64	8640	0.15			14C	Hl	OSORNO			6						
	8.683	8683	0.287	58.7		Hist	1834	OSORNO			4						
	8.706	8706	0.385	64.84		14C	Ho4	OSORNO			6						
	8.886	8886				14C	H1835-2p	OSORNO			6						
	8.971	8971	0.41	68.01		14C	Os-G	OSORNO			4						
	9.076	9076				14C	Os-	OSORNO			4						
	9.588	9588				14C	Ho4fp	OSORNO			6						
	9.599	9599				14C	Os-D	OSORNO			4						
CAJ-10A	9.61	9610	0.06	54.67		14C	Os-C	OSORNO			4						
	9.65	9650	0.04	53		14C	Os-B	OSORNO			4						
DCC-10	9.71	9710	0.18			14C	Hlr	OSORNO			6						
	9.765	9765				14C	Hpa	OSORNO			6						
	9.846	9846				Ar	Hdwd	OSORNO			6						
	9.921	9921				14C	Haplb	OSORNO			6						
XBD-3B	10.04	10040	0.09			14C	Plo2	OSORNO			6						
DCC-9	10.13	10130	0.06			Ar	Plo2	OSORNO			6						
	10.18	10180	1.36	69.13		Ar	Pllp	OSORNO			6						
	10.488	10488				Ar	Plo2	OSORNO			6						
	10.55	10550				Ar	Pllp	OSORNO			6						
	10.651	10651				Ar	Pllp	OSORNO			6						
MCL-3	10.66	10660	0.14			Ar	Plm1	OSORNO			6						
	10.96	10960	0.05	57		Ar	Plo1b	OSORNO			6						
	11.119	11119				Ar	Plo1b	OSORNO			6						
	11.322	11322				K-Ar	Plo1a	OSORNO			6						
	11.39	11390	1	70.12		Ar	Plo1a	OSORNO			6						
	11.495	11495				Ar	Plo1a	OSORNO			6						
	11.497	11497				Ar	Pllp	OSORNO			6						
PU-03-27	11.5	11500	1.1	66.5		Ar	Pllp	OSORNO			6						
PU-05-21	12	12000	2.8	69.9		K-Ar	Pllp	OSORNO			6						
	12.027	12027				14C	PalR	PALENA			4						
PU-05-22	12.3	12300	1.9	69.9		Hist	2011	PUYEHUE-CORDON CAULLE			4						
	12.52	12520				Hist	1960	PUYEHUE-CORDON CAULLE			4						
	12.555	12555				Hist	1921	PUYEHUE-CORDON CAULLE			4						
	12.603	12603	0.604	64.78		14C	Pu-D	PUYEHUE-CORDON CAULLE			4						
	12.67	12670				14C	Pu-C	PUYEHUE-CORDON CAULLE			4						
	12.908	12908				14C	Pu05	PUYEHUE-CORDON CAULLE			4						
	13.109	13109	1.036	71.46		14C	Pu-B	PUYEHUE-CORDON CAULLE			4						
DCC-8	13.41	13410	0.1			14C	Pu-A	PUYEHUE-CORDON CAULLE			4						
	13.55	13550	1.36	53.69		Ar	Pr2	PUYEHUE-CORDON CAULLE	40o  34.612'	72o  06.378'	5						
280492-3	13.57	13570	0.8			Ar	Pr2	PUYEHUE-CORDON CAULLE	40o  35.007'	72o  05.877'	5						
240992-1	13.69	13690	0.21			14C	Pr2	PUYEHUE-CORDON CAULLE			4						
MCL-2	13.75	13750	0.09			Ar	Pr2	PUYEHUE-CORDON CAULLE	40o  35.453'	72o  04.314'	5						
DCC-7	13.79	13790	0.1			14C	Mascardi	PUYEHUE-CORDON CAULLE			4						
DCC-6	13.8	13800	0.05			14C	Pr1	PUYEHUE-CORDON CAULLE			4						
DCC-5	13.83	13830	0.09			Ar	Pr1	PUYEHUE-CORDON CAULLE	40o  34.550'	72o  08.820'	5						
DCC-4	13.84	13840	0.1			Ar	Pr1	PUYEHUE-CORDON CAULLE	40o  34.839'	72o  04.283'	5						
MCL-1	13.84	13840	0.1			Ar	Pr1	PUYEHUE-CORDON CAULLE	40o  34.839'	72o  04.283'	5						
DCC-3	13.845	13845	0.9			14C	Trebol	PUYEHUE-CORDON CAULLE			4						
	13.867	13867				Ar	Pr1	PUYEHUE-CORDON CAULLE	40o  35.896'	72o  06.378'	5						
DCC-1	13.89	13890	0.09			Ar	CCIV	PUYEHUE-CORDON CAULLE	40o  32.400'	72o  09.000'	5						
VMJ-6B	13.92	13920	0.06			Ar	Pr1	PUYEHUE-CORDON CAULLE	40o  34.053'	72o  10.457'	5						
DCC-2	13.97	13970	0.9			Ar	Pa	PUYEHUE-CORDON CAULLE	40o  34.954'	72o  07.144'	5						
270992-1	14.32	14320	0.1			Ar	Cca	PUYEHUE-CORDON CAULLE	40o  31.090'	72o  14.582'	5						
	14.602	14602				Ar	Pmr	PUYEHUE-CORDON CAULLE	40o  36.625'	72o  07.283'	5						
PU-02-40	14.9	14900	2.9	63.9		Ar	Pa	PUYEHUE-CORDON CAULLE	40o  34.839'	72o  04.283'	5						
	14.937	14937				Ar	Pa	PUYEHUE-CORDON CAULLE	40o  33.537'	72o  06.046'	5						
	16.092	16092				Ar	Pa	PUYEHUE-CORDON CAULLE	40o  34.954'	72o  07.144'	5						
	16.487	16487				Ar	Pa	PUYEHUE-CORDON CAULLE	40o  35.500'	72o  06.290'	5						
LL-160201-1	16.5	16500	3.8	71.2		Ar	Cca	PUYEHUE-CORDON CAULLE	40o  30.920'	72o  15.072'	5						
PU-02-20	18.7	18700	1.1	68.3		Ar	Pa	PUYEHUE-CORDON CAULLE	40o  34.954'	72o  07.144'	5						
XM0061	19.96	19960	0.11			Ar	Pa	PUYEHUE-CORDON CAULLE	40o  33.466'	72o  06.053'	5						
VMJ-5C	26.15	26150	0.12			Ar	Pa	PUYEHUE-CORDON CAULLE	40o  33.085'	72o  05.512'	5						
VMJ-5E	29.42	29420	0.15			Ar	CCII	PUYEHUE-CORDON CAULLE	40o  31.326'	72o  09.228'	5						
SCA-065	30	30000	20	57.38		Ar	CCI	PUYEHUE-CORDON CAULLE	40o  33.230'	72o  11.400'	5						
SCA-034A	30	30000	20	60.25		Ar	Cbl	PUYEHUE-CORDON CAULLE	40o  32.501'	72o  11.587'	5						
	30	30000	30			Ar	PI	PUYEHUE-CORDON CAULLE	40o  32.977'	72o  06.285'	5						
PU-03-10	31.6	31600	5.3	64.7		Ar	Cbl	PUYEHUE-CORDON CAULLE	40o  32.501'	72o  11.587'	5						
PU-02-33	32.2	32200	2.2	55.7		Ar	Cbl	PUYEHUE-CORDON CAULLE	40o  32.501'	72o  11.587'	5						
PU-02-02	34.4	34400	0.7	68.3		Ar	Cas	PUYEHUE-CORDON CAULLE	40o  33.229'	72o  11.390'	5						
SCA-065	40	40000	30	57.38		Ar	PI	PUYEHUE-CORDON CAULLE	40o  31.879'	72o  06.560'	5						
	40	40000	20			Ar	CCI	PUYEHUE-CORDON CAULLE	40o  33.229'	72o  11.390'	5						
VMJ-6G	41.18	41180	1.48			Ar	PI	PUYEHUE-CORDON CAULLE	40o  34.954'	72o  07.144'	5						
SCA-062	42	42000	24	57.16		Ar	PI	PUYEHUE-CORDON CAULLE	40o  32.775'	72o  05.456'	5						
SCA-077A	43	43000	18	64.79		Ar	UP	PUYEHUE-CORDON CAULLE	40o  27.600'	72o  12.000'	5						
PU-05-30	43	43000	6.6	56.6		Ar	PI	PUYEHUE-CORDON CAULLE	40o  34.636'	72o  10.150'	5						
PU-02-11	44.5	44500	1.5	60.2		Ar	Cig	PUYEHUE-CORDON CAULLE	40o  32.590'	72o  11.667'	5						
PU-03-07	51.4	51400	14.5	53		Ar	PI	PUYEHUE-CORDON CAULLE	40o  38.720'	72o  11.810'	5						
	53	53000	30			Ar	CCI	PUYEHUE-CORDON CAULLE	40o  34.612'	72o  10.087'	5						
	54	54000	13	57		Ar	CCI	PUYEHUE-CORDON CAULLE	40o  31.035'	72o  14.906'	5						
PU-05-10	54	54000	11	52.4		Ar	PI	PUYEHUE-CORDON CAULLE	40o  34.399'	72o  10.087'	5						
PU-02-30	54	54000	6.2	60.7		Ar	PI	PUYEHUE-CORDON CAULLE	40o  36.385'	72o  07.976'	5						
	60	60000	20			Ar	PI	PUYEHUE-CORDON CAULLE	40o  31.238'	72o  06.486'	5						
	60	60000	30	52		Ar	PI	PUYEHUE-CORDON CAULLE	40o  38.400'	72o  08.610'	5						
PU-03-09	62.9	62900	4.2	63.4		Ar	UP	PUYEHUE-CORDON CAULLE	40o  32.857'	72o  02.000'	5						
PU-02-12	65.5	65500	4.5	52.7		Ar	UP	PUYEHUE-CORDON CAULLE	40o  31.879'	72o  06.560'	5						
PU-03-15	69.3	69300	1.6	54.1		14C	Qu-A	QUETRUPILLAN			4						
SCA-055	70	70000	13	53.77		14C	So-A	SOLLIPULLI			4						
PU-02-24	72.8	72800	14.3	59		Hist	1984	VILLARRICA			3						
SCA-063	75	75000	14	59.34		Hist	1971	VILLARRICA			3						
LL-150201-6	78.9	78900	3.1	52.7		14C	Hv3	VILLARRICA			3						
	80	80000	30	57		14C	Hv3	VILLARRICA			4						
	81	81000	12.8	52		14C	PlHv2p	VILLARRICA	-39.530618	-72.065925	2						
	82	82000	29	52		14C	Hln1	VILLARRICA	-39.358648	-71.827197	2						
SCA-067	83	83000	17	58.74		14C	Hv3	VILLARRICA	-39.387627	-71.946973	2						
PU-03-26	83.7	83700	3.3			14C	Hln1	VILLARRICA	-39.358648	-71.827197	2						
	86	86000	17			14C	Hln1	VILLARRICA	-39.358648	-71.827197	2						
SCA-066	90	90000	12	60.21		14C	Hv3	VILLARRICA	-39.387627	-71.946973	2						
G-2A	95	95000	15			14C	Hv3	VILLARRICA	-39.31893	-71.974788	2						
PU-03-14	95.6	95600	26.9	54.7		14C	Hv3	VILLARRICA	-39.387627	-71.946973	2						
PU-03-25	96.12	96120	12	52.9		14C	Hv3	VILLARRICA	-39.387627	-71.946973	2						
PU-03-24	98	98000	19	53.6		14C	Hv3	VILLARRICA	-39.31893	-71.974788	2						
	102	102000				14C	PlHv2p	VILLARRICA	-39.439934	-72.092798	2						
PU-02-18	106	106000	3	53.7		14C	PlHv2p	VILLARRICA	-39.504741	-71.852618	2						
PU-03-20	106.3	106300	4.1	56		14C	PlHv2p	VILLARRICA	-39.509389	-71.870448	2						
SCA-044	110	110000	50	56.58		14C	PlHv2p	VILLARRICA	-39.326543	-72.225625	2						
	110	110000	0.06	52		14C	PlHv2p	VILLARRICA	-39.335916	-71.83804	2						
PU-02-17	111	111000	30	51.9		14C	Hp	VILLARRICA	-39.270341	-71.928773	2						
PU-03-12	111	111000	22	55		14C	Plv1	VILLARRICA	-39.352652	-71.974788	2						
SCA-061	120	120000	30	56.46		14C	Hv3	VILLARRICA	-39.495841	-72.089423	2						
	120	120000	20			14C	Plv1	VILLARRICA	-39.352652	-71.974788	2						
	120	120000	30			14C	Plv1	VILLARRICA	-39.352652	-71.974788	2						
	120	120000	80	54		14C	Hv3	VILLARRICA	-39.495841	-72.089423	2						
PU-03-16	124.1	124100	2.2	57.1		14C	PlHv2p	VILLARRICA			2						
	124.5	124500	40.9	54		14C	PlHv2p	VILLARRICA			2						
XG-77A	128.4	128400	10.9	55.5		14C	PlHv2p	VILLARRICA	-39.293797	-71.752177	2						
	130	130000	20			14C	PlHv2p	VILLARRICA			2						
PU-02-22	131.3	131300	6.1	59.5		14C	PlHv2p	VILLARRICA			2						
PU-03-22	133.2	133200	1.8	61.2		14C	PlHv2p	VILLARRICA			2						
	149	149000	100	52		14C	PlHv2p	VILLARRICA			2						
PU-06-02	158.1	158100	19.4	52		14C	PlHv2p	VILLARRICA	-39.418319	-72.203402	2						
SCA-020A	160	160000	60	54.44		14C	PlHv2p	VILLARRICA			2						
SCA-052	160	160000	20	55.05		14C	PlHv2p	VILLARRICA			2						
PU-02-31	167.4	167400	9.3	53.2		14C	Plv1	VILLARRICA			2						
	170	170000	70			14C	Plv1	VILLARRICA			2						
VMJ-2	170	170000	60			14C	PlHv2p	VILLARRICA			2						
	173	173000	57	52		14C	PlHv2p	VILLARRICA			2						
PU-02-32	173	173000	15	56.1		14C	Plv1	VILLARRICA			2						
PU-02-21	193	193000	26	52		14C	Plv1	VILLARRICA			2						
	198	198000	49	52		14C	Plv1	VILLARRICA			2						
	200	200000	60			Ar	Plv1	VILLARRICA	-39.44109594	-65.87136426	2						
	202	202000	54			Ar	Plv1	VILLARRICA	-39.4334948	-71.87211511	2						
	220	220000	78			Ar	Plv1	VILLARRICA			2						
PU-02-01	224	224000	51	54.3		Ar	Plv1	VILLARRICA			2						
PU-03-18	245	245000	13	51.2		Ar	Plv1	VILLARRICA	-39.53586446	-71.93560723	2						
	260	260000	60			Ar	Plv1	VILLARRICA	-39.4334948	-71.87211511	2						
PU-06-01	314	314000	13	52.6		Ar	Plv1	VILLARRICA	-39.44430015	-71.85402752	2						
SCA-045	342	342000	78	54		Ar	Plv1	VILLARRICA			2						
	350	350000	20			Ar	Plv1	VILLARRICA	-39.44903088	-71.85214091	2						
VMJ-2	400	400000	200			Hist	1948	VILLARRICA			4						
VMJ-1	440	440000	170			14C	Vi-A	VILLARRICA			4						
	480	480000	30	52		14C	C¨®nquil	VILLARRICA			4						
PU-05-18	482	482000	49.3			14C	Pedregoso	VILLARRICA			4						
	510	510000	60	52		14C	Puc¨®n	VILLARRICA			4						
	520	520000	100	52		14C	Aunalhue	VILLARRICA			4						
PU-03-19	559.6	559600	42	53.2		14C	Candelaria	VILLARRICA			4						
VMJ-8	560	560000	70			14C	Voipir	VILLARRICA			4						
VMJ-8	570	570000	90			14C	Turbio	VILLARRICA			4						
VMJ-3	580	580000	40			14C	Lic¨¢n	VILLARRICA			4						
VMJ-3	590	590000	50			14C	CM3	YANTELES			4						
VMJ-1	600	600000	70			14C	YAN1	YANTELES			4						